customer_id,age,gender,city,signup_date,total_spent,visits,membership,satisfaction_score
C0000,38,Female,Bukhara,2023-03-05,208.58,15,Bronze,2.0
C0001,32,Male,Bukhara,2023-12-09,801.61,5,Gold,2.0
C0002,20,,Nukus,2023-11-17,235.24,28,Silver,4.0
C0003,,Female,,2023-02-24,,12,Bronze,2.0
C0004,63,,Andijan,2023-03-15,732.28,13,Bronze,3.0
C0005,33,Male,Tashkent,2023-05-09,764.5,17,Bronze,5.0
C0006,31,,Samarkand,2023-09-13,619.26,4,Bronze,3.0
C0007,26,Female,Bukhara,2023-08-19,215.6,10,Gold,5.0
C0008,64,Male,Tashkent,2023-05-17,1053.1,1,Gold,5.0
C0009,24,Female,Andijan,2023-12-17,,11,Bronze,2.0
C0010,31,Female,Samarkand,2023-12-21,92.35,16,Silver,2.0
C0011,23,Male,Samarkand,2023-04-22,1300.01,11,Silver,4.0
C0012,38,Male,Nukus,2023-11-04,1028.34,9,Bronze,1.0
C0013,32,Male,Samarkand,2023-05-26,177.13,2,Bronze,3.0
C0014,,,Samarkand,2023-02-02,434.8,7,,4.0
C0015,51,Female,Andijan,2023-09-17,559.59,19,Bronze,4.0
C0016,57,Male,Andijan,2023-03-28,374.37,18,Bronze,3.0
C0017,18,Male,Tashkent,2023-11-27,1050.78,29,Gold,3.0
C0018,49,Male,Bukhara,2023-09-22,175.09,20,Gold,5.0
C0019,22,Female,Andijan,2023-11-16,547.86,7,Bronze,1.0
C0020,47,Female,Tashkent,2023-01-30,2536.58,23,Bronze,2.0
C0021,39,Female,,2023-08-20,875.58,9,Gold,1.0
C0022,37,Male,Tashkent,2023-03-17,253.83,12,Bronze,1.0
C0023,33,Female,Tashkent,2023-05-09,830.81,29,Gold,2.0
C0024,24,Female,Tashkent,2023-09-28,482.32,3,Gold,1.0
C0025,24,Male,Tashkent,2023-03-30,573.91,23,Silver,4.0
C0026,19,Female,Andijan,2023-06-19,589.63,,Gold,4.0
C0027,,Male,,2023-05-08,410.12,26,Silver,2.0
C0028,31,Female,Tashkent,2023-06-23,363.86,16,Silver,2.0
C0029,48,Male,Nukus,2023-01-26,143.74,7,Gold,
C0030,58,Male,Samarkand,2023-03-02,279.46,23,Bronze,3.0
C0031,31,Female,Samarkand,2023-03-08,223.88,26,Gold,1.0
C0032,22,Male,Samarkand,2023-01-26,760.37,5,Silver,1.0
C0033,28,Female,Samarkand,2023-03-24,834.73,25,Gold,2.0
C0034,57,Male,Samarkand,2023-12-30,246.74,23,Gold,1.0
C0035,22,Male,Tashkent,2023-03-01,167.11,7,Silver,5.0
C0036,46,Male,Bukhara,2023-02-08,830.14,28,Gold,4.0
C0037,28,,Nukus,2023-05-03,73.35,,Gold,1.0
C0038,22,Male,Andijan,2023-10-19,107.79,17,Silver,1.0
C0039,49,Male,Nukus,2023-10-04,563.5,16,Bronze,
C0040,53,Female,Andijan,2023-10-31,225.6,21,Silver,5.0
C0041,32,Male,Andijan,2023-10-09,210.0,24,,1.0
C0042,36,Male,Nukus,2023-07-10,1836.54,21,Gold,4.0
C0043,39,Male,Tashkent,2023-10-19,536.75,26,Silver,1.0
C0044,51,,Samarkand,2023-06-01,446.01,19,Gold,2.0
C0045,,Female,Tashkent,2023-08-21,171.67,25,Gold,5.0
C0046,29,Male,Samarkand,2023-05-26,101.24,18,Gold,1.0
C0047,42,Male,Bukhara,2023-09-28,364.45,19,Silver,5.0
C0048,34,Female,Andijan,2023-12-01,606.01,28,Silver,1.0
C0049,27,Male,Nukus,2023-05-14,666.24,4,Gold,4.0
C0050,45,Male,Bukhara,2023-06-20,265.13,26,Bronze,4.0
C0051,35,Female,Samarkand,2023-01-28,119.21,1,Bronze,5.0
C0052,35,Female,Tashkent,2023-05-16,1568.94,27,Silver,3.0
C0053,62,Female,Nukus,2023-08-29,569.25,4,Gold,3.0
C0054,49,Female,,2023-12-10,1754.14,4,Gold,2.0
C0055,,Male,Bukhara,2023-08-16,2494.83,9,Silver,3.0
C0056,33,Female,Andijan,2023-10-14,796.86,8,Bronze,5.0
C0057,35,Male,Samarkand,2023-10-30,1459.57,2,Silver,3.0
C0058,33,Female,Andijan,2023-02-03,524.41,29,Silver,
C0059,34,Male,Tashkent,2023-01-02,207.66,23,Gold,1.0
C0060,24,Female,Bukhara,2023-12-28,781.16,6,Silver,3.0
C0061,29,Female,Bukhara,2023-07-14,435.98,23,Bronze,5.0
C0062,51,Male,Tashkent,2023-04-04,1149.77,11,Silver,5.0
C0063,27,Female,Andijan,2023-11-24,252.46,4,Gold,2.0
C0064,22,Female,Tashkent,,509.77,14,Bronze,2.0
C0065,38,Female,Nukus,2023-05-15,469.9,21,Gold,4.0
C0066,20,Male,Tashkent,2023-07-23,850.63,,Silver,4.0
C0067,36,Female,,2023-09-07,365.94,9,Silver,4.0
C0068,62,Female,Tashkent,2023-05-27,695.64,2,Silver,1.0
C0069,61,Male,Samarkand,2023-12-12,415.68,27,Gold,5.0
C0070,52,Male,Tashkent,2023-12-14,444.73,25,Silver,4.0
C0071,23,Female,Tashkent,2023-09-11,703.07,26,Bronze,5.0
C0072,31,Male,Andijan,2023-11-30,187.44,1,Bronze,2.0
C0073,21,Male,Nukus,2023-06-25,318.16,4,Gold,1.0
C0074,62,Male,Nukus,2023-05-05,363.35,12,Gold,2.0
C0075,35,Female,Andijan,2023-09-08,580.61,5,Gold,5.0
C0076,46,Female,Andijan,2023-05-11,168.28,9,Silver,4.0
C0077,52,Male,Andijan,2023-02-19,127.81,22,Bronze,2.0
C0078,55,,Samarkand,2023-04-03,135.9,4,Bronze,3.0
C0079,33,Male,Bukhara,2023-11-06,1868.07,16,Bronze,1.0
C0080,37,Female,Tashkent,2023-08-08,1081.07,2,Gold,5.0
C0081,41,Male,Andijan,2023-11-30,1082.61,16,Gold,4.0
C0082,52,Female,Andijan,2023-11-30,1136.12,16,Silver,2.0
C0083,61,Male,Andijan,,247.79,21,Gold,1.0
C0084,36,Female,Nukus,2023-07-24,1388.51,24,Bronze,4.0
C0085,21,Female,Andijan,2023-04-01,111.59,24,Silver,2.0
C0086,50,Male,Tashkent,2023-12-21,420.36,22,Gold,5.0
C0087,19,Female,Andijan,2023-06-22,239.18,11,Gold,3.0
C0088,30,Female,Tashkent,2023-07-08,,1,Bronze,3.0
C0089,62,Female,Samarkand,2023-11-08,715.32,15,Silver,5.0
C0090,47,Female,Bukhara,2023-01-02,659.89,24,Gold,1.0
C0091,51,Female,Nukus,2023-12-27,234.64,4,Gold,5.0
C0092,47,Female,Tashkent,2023-06-17,288.52,,Silver,2.0
C0093,41,Female,Samarkand,2023-01-24,241.75,17,Silver,1.0
C0094,61,Female,Bukhara,2023-12-31,519.54,7,Gold,3.0
C0095,50,Male,Bukhara,2023-03-09,347.34,18,Gold,2.0
C0096,58,Female,Bukhara,2023-07-13,502.36,,Bronze,4.0
C0097,27,Male,Tashkent,2023-03-25,928.98,20,Silver,4.0
C0098,35,Female,Samarkand,2023-07-26,912.37,,Gold,4.0
C0099,36,Male,Andijan,2023-02-18,793.09,29,Gold,3.0
C0100,24,Female,Samarkand,2023-02-01,928.38,10,Gold,5.0
C0101,36,,Samarkand,2023-11-13,1048.05,1,Gold,1.0
C0102,41,Male,Samarkand,2023-06-19,1563.42,2,Bronze,3.0
C0103,32,Female,Tashkent,2023-05-09,1514.72,17,Silver,2.0
C0104,58,Male,Tashkent,2023-04-12,818.0,22,Gold,2.0
C0105,59,,Tashkent,2023-02-04,1536.4,29,Silver,
C0106,40,Female,Samarkand,2023-11-03,337.37,3,Silver,
C0107,21,Male,Tashkent,2023-07-18,2960.33,17,Gold,4.0
C0108,55,Female,,2023-10-28,2037.85,12,Gold,2.0
C0109,21,Male,Tashkent,2023-03-18,249.82,24,Gold,2.0
C0110,22,Male,Nukus,2023-11-17,251.17,12,Bronze,5.0
C0111,58,Female,Tashkent,2023-01-14,80.86,20,Gold,5.0
C0112,61,Female,Tashkent,2023-12-15,45.27,10,Silver,5.0
C0113,40,Female,Tashkent,2023-05-11,101.69,7,Silver,4.0
C0114,57,Female,Tashkent,2023-08-26,1286.13,10,Bronze,1.0
C0115,54,Female,Nukus,2023-10-07,1070.67,18,Gold,5.0
C0116,28,Male,Andijan,2023-03-06,751.21,22,Gold,3.0
C0117,28,Male,Tashkent,2023-05-18,60.09,6,Bronze,5.0
C0118,30,Female,Bukhara,2023-09-26,136.26,7,Bronze,4.0
C0119,31,Female,Nukus,2023-08-16,2163.0,28,Gold,1.0
C0120,25,Female,Andijan,2023-07-20,429.74,17,Gold,5.0
C0121,42,,Tashkent,2023-05-22,574.58,12,,1.0
C0122,35,Male,Andijan,2023-04-10,958.97,17,Gold,3.0
C0123,61,Male,Bukhara,2023-05-18,547.08,18,Gold,2.0
C0124,61,Female,Nukus,2023-06-17,104.32,14,Silver,1.0
C0125,35,Female,Nukus,2023-04-09,381.34,11,Silver,5.0
C0126,27,Male,Andijan,2023-11-07,623.62,2,Silver,4.0
C0127,24,Female,Tashkent,2023-11-15,999.13,21,Silver,4.0
C0128,61,Female,Samarkand,2023-11-23,160.69,1,Bronze,4.0
C0129,31,Male,Nukus,2023-12-21,173.35,11,Silver,4.0
C0130,32,Male,Samarkand,2023-03-07,1789.46,2,Bronze,1.0
C0131,33,Female,Nukus,2023-12-01,220.75,16,Silver,4.0
C0132,19,Male,Tashkent,2023-11-25,222.32,22,Silver,2.0
C0133,47,Female,Tashkent,2023-02-16,902.6,3,Silver,3.0
C0134,47,Male,Nukus,2023-12-03,66.98,20,Gold,1.0
C0135,35,Male,Andijan,2023-08-19,736.46,1,Bronze,1.0
C0136,48,Female,Tashkent,2023-11-04,596.8,21,Silver,4.0
C0137,61,Female,Tashkent,2023-05-26,84.9,20,Gold,4.0
C0138,30,Male,Bukhara,2023-07-26,155.57,8,Bronze,1.0
C0139,37,Female,Tashkent,2023-05-26,1173.96,19,Bronze,4.0
C0140,52,Male,,2023-06-01,229.62,26,Gold,4.0
C0141,40,Female,Tashkent,2023-10-06,180.89,1,Bronze,4.0
C0142,59,Male,Tashkent,2023-05-20,720.43,29,Gold,4.0
C0143,50,Male,Andijan,2023-05-31,221.99,26,Silver,4.0
C0144,55,Male,Andijan,2023-01-21,432.85,,Gold,5.0
C0145,52,Female,Tashkent,2023-09-11,442.62,1,Bronze,5.0
C0146,53,Male,Nukus,2023-03-05,535.62,11,Bronze,5.0
C0147,37,Male,Nukus,2023-08-06,963.81,21,Silver,1.0
C0148,20,Male,Tashkent,2023-03-13,398.41,9,Gold,3.0
C0149,25,Male,Nukus,2023-06-11,93.03,5,Silver,1.0
C0150,57,Female,Tashkent,2023-05-10,553.75,2,Gold,5.0
C0151,49,Female,Andijan,2023-03-10,1431.63,13,Gold,1.0
C0152,46,Male,Samarkand,2023-08-13,339.21,18,Gold,3.0
C0153,24,Male,Bukhara,2023-09-03,633.86,26,Silver,4.0
C0154,19,Female,Nukus,2023-03-09,282.95,25,Silver,2.0
C0155,38,Male,Nukus,2023-04-17,340.21,12,Bronze,5.0
C0156,23,Female,Andijan,2023-04-19,118.41,14,Silver,5.0
C0157,45,Male,Nukus,2023-11-24,637.42,5,Gold,3.0
C0158,59,Female,Tashkent,2023-04-13,290.33,27,Gold,4.0
C0159,53,,Tashkent,2023-05-21,552.85,24,Gold,4.0
C0160,49,Female,Samarkand,2023-03-06,353.66,10,Silver,2.0
C0161,62,Female,Samarkand,2023-05-14,402.84,20,Bronze,4.0
C0162,59,Female,Samarkand,2023-07-18,630.37,2,Silver,3.0
C0163,63,Male,Tashkent,2023-06-04,633.8,4,Bronze,4.0
C0164,26,Female,Samarkand,2023-03-20,1023.44,12,Silver,3.0
C0165,28,Female,Samarkand,2023-09-07,1125.73,11,Gold,5.0
C0166,40,Male,Tashkent,2023-03-28,393.01,4,Bronze,5.0
C0167,28,Male,Andijan,2023-10-31,827.9,11,Silver,5.0
C0168,19,Male,,2023-08-29,229.48,9,,1.0
C0169,20,Male,Bukhara,2023-03-29,372.1,10,Bronze,5.0
C0170,28,Female,Tashkent,2023-11-20,526.01,27,Bronze,3.0
C0171,52,Male,Tashkent,2023-06-21,174.65,6,Gold,2.0
C0172,32,Male,Bukhara,2023-12-23,485.52,15,Gold,4.0
C0173,60,Male,Bukhara,2023-01-17,553.72,10,Silver,5.0
C0174,28,Male,Samarkand,2023-08-11,288.07,22,Silver,1.0
C0175,48,Male,Bukhara,2023-10-21,830.07,21,Gold,1.0
C0176,45,Male,Nukus,2023-11-06,386.89,6,Silver,3.0
C0177,45,Male,Nukus,2023-08-07,1154.63,1,Gold,2.0
C0178,49,Female,,2023-08-22,1373.59,29,Gold,5.0
C0179,42,Female,Nukus,2023-09-05,326.13,21,Silver,5.0
C0180,37,Female,Nukus,,359.11,28,Silver,1.0
C0181,45,Female,Samarkand,2023-01-15,277.99,22,Bronze,3.0
C0182,42,Female,Tashkent,2023-11-20,155.02,24,Bronze,1.0
C0183,28,Male,Bukhara,2023-04-22,1427.68,20,Silver,1.0
C0184,,Male,Tashkent,2023-07-03,257.23,21,Silver,2.0
C0185,45,Male,Bukhara,2023-12-26,523.65,4,Silver,3.0
C0186,18,Male,Samarkand,2023-01-07,976.68,23,Bronze,2.0
C0187,22,Female,Samarkand,2023-02-20,986.79,26,Silver,3.0
C0188,27,Female,Andijan,2023-11-10,650.1,22,Bronze,5.0
C0189,59,Male,Andijan,2023-08-29,920.27,14,Bronze,4.0
C0190,63,Male,Samarkand,2023-09-02,642.89,20,Bronze,4.0
C0191,51,Female,Samarkand,2023-12-31,1076.43,22,Bronze,3.0
C0192,53,Female,Bukhara,2023-07-05,1018.39,29,Gold,4.0
C0193,19,Female,Samarkand,2023-10-14,91.83,20,Silver,1.0
C0194,35,Male,Tashkent,2023-04-02,907.22,28,Silver,5.0
C0195,30,,Bukhara,2023-04-16,180.8,8,Gold,5.0
C0196,,Female,Samarkand,2023-01-13,608.78,11,Silver,4.0
C0197,37,Female,Bukhara,2023-05-26,122.12,15,Bronze,3.0
C0198,19,Male,Bukhara,2023-04-29,437.4,19,Gold,1.0
C0199,,Male,,2023-07-22,374.69,8,Bronze,3.0
C0200,47,Male,Andijan,2023-05-21,418.01,13,Gold,4.0
C0201,49,Male,Bukhara,2023-04-25,520.97,18,Bronze,5.0
C0202,49,Female,Bukhara,2023-06-01,144.54,22,Silver,5.0
C0203,55,Female,Nukus,2023-02-26,1109.28,24,Silver,3.0
C0204,45,Female,Samarkand,2023-06-06,24.43,17,Silver,2.0
C0205,27,Male,Bukhara,2023-11-06,942.64,6,Gold,3.0
C0206,39,Male,Nukus,2023-05-13,290.29,25,Silver,2.0
C0207,34,Male,Tashkent,2023-06-12,537.2,15,Gold,3.0
C0208,39,Female,Nukus,2023-10-02,948.81,13,Bronze,2.0
C0209,60,Female,Andijan,2023-07-02,641.25,26,Silver,2.0
C0210,36,Female,Andijan,2023-03-18,381.58,26,Bronze,2.0
C0211,34,Male,Samarkand,2023-11-21,469.55,18,Silver,2.0
C0212,41,Male,Samarkand,2023-02-13,382.12,11,Bronze,1.0
C0213,53,Female,,2023-07-25,1039.52,13,Gold,
C0214,49,Male,Andijan,2023-02-07,1062.79,1,Silver,2.0
C0215,63,Female,Bukhara,2023-11-14,235.3,18,Gold,5.0
C0216,53,Female,Andijan,2023-01-22,893.1,5,Gold,1.0
C0217,45,Female,Samarkand,2023-03-14,1415.5,6,Bronze,2.0
C0218,31,Female,Andijan,2023-08-29,707.4,1,Silver,4.0
C0219,53,Male,Samarkand,2023-06-03,293.57,7,Gold,1.0
C0220,23,Male,Tashkent,2023-08-25,142.89,27,Bronze,5.0
C0221,26,Male,Andijan,2023-01-05,575.84,4,Bronze,3.0
C0222,38,Male,,2023-08-09,111.29,9,Bronze,5.0
C0223,29,Male,Nukus,2023-11-06,467.18,15,Silver,
C0224,47,Male,Bukhara,2023-03-27,315.78,6,Silver,1.0
C0225,48,Female,Samarkand,2023-06-26,470.75,25,Bronze,1.0
C0226,57,Male,Andijan,2023-09-16,903.95,17,Silver,
C0227,21,Male,Andijan,2023-08-08,625.34,20,,4.0
C0228,48,Male,Tashkent,2023-02-07,1018.47,18,Silver,1.0
C0229,44,Female,Nukus,2023-05-22,2357.5,22,Silver,1.0
C0230,42,Male,Samarkand,2023-08-23,680.95,4,Bronze,1.0
C0231,22,Female,Nukus,2023-07-22,574.71,9,Bronze,3.0
C0232,23,Male,Tashkent,2023-11-25,1115.05,14,Silver,5.0
C0233,22,Male,Bukhara,2023-10-21,339.7,3,Bronze,
C0234,44,Male,Nukus,2023-06-21,528.57,1,Bronze,4.0
C0235,25,Female,Tashkent,2023-05-05,526.77,27,Bronze,
C0236,26,Female,Samarkand,2023-11-22,935.71,29,Bronze,3.0
C0237,32,Male,Bukhara,2023-03-06,88.79,11,Silver,1.0
C0238,53,Male,Andijan,2023-10-08,360.45,1,Gold,1.0
C0239,58,Male,Tashkent,2023-09-29,1432.74,12,Silver,3.0
C0240,24,Female,Andijan,2023-09-01,421.37,25,Bronze,4.0
C0241,49,Female,Bukhara,2023-01-15,1311.06,9,Bronze,1.0
C0242,25,Male,Tashkent,2023-08-14,995.15,5,Silver,2.0
C0243,64,Female,Tashkent,2023-05-11,1112.34,15,Bronze,4.0
C0244,32,Female,Bukhara,2023-07-14,1088.3,18,Silver,5.0
C0245,54,Female,Samarkand,2023-10-20,406.16,9,Gold,3.0
C0246,36,Female,Tashkent,2023-07-28,734.87,13,Bronze,4.0
C0247,56,Male,Bukhara,2023-04-23,106.9,28,Gold,5.0
C0248,23,Male,Nukus,2023-09-01,735.44,13,Gold,2.0
C0249,36,Female,Andijan,2023-06-15,2125.24,24,Bronze,3.0
C0250,45,Female,Tashkent,2023-07-10,912.07,13,Bronze,1.0
C0251,34,Female,Nukus,2023-09-14,247.32,27,Silver,1.0
C0252,59,Male,Tashkent,2023-11-23,323.21,10,Silver,5.0
C0253,36,Male,Samarkand,2023-08-06,1007.42,10,Bronze,
C0254,48,Female,Bukhara,2023-12-25,327.62,22,Silver,2.0
C0255,28,Female,Tashkent,2023-10-02,127.29,7,Gold,
C0256,32,Female,Bukhara,2023-02-21,602.23,28,Gold,2.0
C0257,27,Female,Tashkent,2023-06-07,997.99,22,Bronze,2.0
C0258,,Male,,2023-12-29,225.43,,Silver,2.0
C0259,40,Male,Samarkand,2023-02-24,424.16,20,Bronze,
C0260,20,Male,Nukus,2023-01-14,511.66,7,Gold,5.0
C0261,20,Male,Samarkand,2023-09-26,605.28,20,Bronze,3.0
C0262,35,Male,Bukhara,2023-12-06,220.75,10,Bronze,4.0
C0263,42,Male,Samarkand,2023-03-31,136.94,10,Bronze,4.0
C0264,60,Female,Tashkent,2023-01-27,1001.04,26,Bronze,1.0
C0265,37,Female,Samarkand,2023-03-30,282.7,25,Gold,1.0
C0266,46,Male,Bukhara,2023-02-10,243.84,21,Bronze,1.0
C0267,39,Male,Tashkent,2023-10-31,595.54,24,Bronze,4.0
C0268,32,Male,Nukus,2023-09-25,317.57,28,Silver,2.0
C0269,56,Female,Nukus,2023-05-18,602.68,13,Bronze,
C0270,27,Female,Nukus,2023-01-06,230.05,15,Silver,5.0
C0271,38,Female,Tashkent,2023-08-30,241.88,28,Bronze,4.0
C0272,46,Female,Nukus,2023-06-11,535.44,28,Silver,1.0
C0273,49,Male,Samarkand,2023-06-29,187.54,6,Bronze,4.0
C0274,27,Female,Tashkent,2023-10-24,567.86,20,Silver,2.0
C0275,30,Male,Tashkent,2023-01-06,177.86,12,Bronze,2.0
C0276,64,Female,Tashkent,2023-09-28,707.43,19,Bronze,3.0
C0277,40,Female,Andijan,2023-09-29,137.79,11,Silver,3.0
C0278,40,Female,Bukhara,2023-06-05,472.1,6,Bronze,5.0
C0279,48,,Andijan,2023-03-26,51.84,1,Bronze,4.0
C0280,21,Male,Andijan,2023-07-19,300.5,2,Bronze,3.0
C0281,20,Male,Andijan,2023-01-10,408.43,23,Bronze,3.0
C0282,38,Male,Bukhara,2023-05-18,157.84,15,Gold,4.0
C0283,19,Male,Andijan,2023-08-30,584.31,4,Bronze,2.0
C0284,21,Male,Nukus,2023-07-20,565.55,5,Gold,5.0
C0285,18,Male,Tashkent,2023-06-05,387.33,15,Gold,5.0
C0286,32,Male,Tashkent,2023-10-02,504.29,11,Bronze,5.0
C0287,50,Female,Samarkand,2023-08-13,170.96,10,Silver,3.0
C0288,23,Male,Nukus,2023-03-09,539.99,17,Silver,2.0
C0289,24,Female,Bukhara,2023-07-03,1079.61,2,Bronze,5.0
C0290,36,Male,Tashkent,2023-07-14,549.43,20,Gold,4.0
C0291,61,Female,Andijan,2023-02-11,654.44,24,Silver,5.0
C0292,18,Male,Samarkand,2023-05-31,1005.67,10,Bronze,1.0
C0293,56,Female,Samarkand,2023-03-25,838.61,20,Bronze,2.0
C0294,36,Male,Tashkent,2023-05-14,1083.21,3,Gold,1.0
C0295,62,Male,,2023-11-05,1699.26,19,Silver,2.0
C0296,43,Male,Samarkand,2023-12-20,561.76,28,Bronze,4.0
C0297,61,Male,Tashkent,2023-10-25,412.06,5,Silver,3.0
C0298,29,Female,Nukus,2023-01-30,189.09,3,Bronze,3.0
C0299,39,Male,Tashkent,2023-01-09,330.14,8,Bronze,2.0
C0300,30,Male,Tashkent,2023-06-19,450.1,5,,5.0
C0301,45,Female,Nukus,2023-10-17,602.84,28,Gold,1.0
C0302,31,Male,Nukus,2023-06-17,706.07,12,Gold,4.0
C0303,39,Female,Nukus,2023-12-10,327.12,14,Gold,5.0
C0304,47,Female,Tashkent,2023-05-25,182.21,7,Silver,3.0
C0305,61,Male,Samarkand,2023-08-16,108.98,11,Gold,5.0
C0306,37,Male,Bukhara,2023-11-02,991.59,8,Gold,1.0
C0307,61,Female,Bukhara,2023-03-17,1194.54,5,Silver,3.0
C0308,44,Male,Tashkent,2023-08-11,832.74,8,Silver,2.0
C0309,55,Female,Tashkent,2023-06-26,978.99,12,Silver,4.0
C0310,59,Male,Samarkand,2023-07-08,179.98,15,Silver,4.0
C0311,58,Male,Nukus,2023-10-29,937.48,19,Gold,3.0
C0312,51,Female,Tashkent,2023-02-15,339.99,16,Gold,2.0
C0313,,Male,Andijan,2023-01-17,994.16,14,Silver,1.0
C0314,58,Male,Nukus,2023-03-07,380.2,28,Gold,4.0
C0315,61,Male,Tashkent,2023-12-26,210.08,7,Bronze,3.0
C0316,54,Female,Andijan,2023-09-18,117.88,8,,4.0
C0317,18,Male,Samarkand,2023-05-03,2367.53,7,Bronze,
C0318,32,Female,Andijan,2023-08-19,709.04,18,Silver,1.0
C0319,49,Male,Tashkent,2023-05-05,339.67,24,Silver,2.0
C0320,25,Female,Bukhara,2023-04-22,1503.0,6,Gold,5.0
C0321,50,Male,Tashkent,2023-09-29,787.37,26,Silver,2.0
C0322,35,Male,Bukhara,2023-03-22,1157.78,19,Gold,
C0323,62,Female,Samarkand,2023-09-03,136.3,4,Gold,4.0
C0324,46,Male,Samarkand,2023-12-13,1121.48,23,Gold,2.0
C0325,49,Female,Nukus,2023-11-24,420.42,3,Gold,3.0
C0326,50,Male,Nukus,2023-08-03,78.73,17,Bronze,4.0
C0327,22,Female,Bukhara,2023-12-18,1737.78,22,Bronze,4.0
C0328,35,Male,Bukhara,2023-08-23,617.49,19,Silver,5.0
C0329,27,Female,Samarkand,2023-03-23,900.93,27,Bronze,3.0
C0330,53,Male,Andijan,2023-10-21,553.2,15,Silver,2.0
C0331,,Female,Bukhara,2023-11-06,517.06,26,Silver,5.0
C0332,40,Female,Bukhara,2023-03-17,624.42,6,Gold,3.0
C0333,57,Male,Andijan,2023-01-15,413.22,26,Gold,5.0
C0334,22,Female,Nukus,,218.85,12,Gold,1.0
C0335,51,Female,Nukus,2023-08-18,749.61,19,Gold,2.0
C0336,41,Male,Bukhara,2023-09-22,1281.54,6,Gold,5.0
C0337,34,Male,Nukus,2023-09-21,1208.11,11,Gold,1.0
C0338,48,Male,Nukus,2023-04-20,179.37,20,Bronze,2.0
C0339,24,Male,Nukus,2023-11-03,1235.71,29,Silver,5.0
C0340,34,Male,Samarkand,2023-07-19,306.98,20,Silver,5.0
C0341,45,Male,Tashkent,2023-08-14,248.97,10,Gold,5.0
C0342,55,Female,Bukhara,2023-07-04,65.7,26,Bronze,5.0
C0343,39,Female,Bukhara,2023-01-31,476.93,16,Gold,4.0
C0344,32,Female,Samarkand,2023-04-12,479.01,27,Bronze,5.0
C0345,54,Male,Tashkent,2023-09-16,624.39,18,Bronze,
C0346,32,Male,Tashkent,2023-04-09,243.98,14,Silver,4.0
C0347,42,Female,Samarkand,2023-12-05,463.98,4,Silver,1.0
C0348,,Female,Andijan,2023-10-26,312.12,27,Bronze,2.0
C0349,55,Male,Andijan,2023-10-12,623.45,12,Silver,4.0
C0350,19,Female,Tashkent,2023-09-23,1063.97,20,Bronze,3.0
C0351,44,Male,Andijan,2023-05-20,1090.33,,Bronze,4.0
C0352,49,Male,Andijan,2023-10-29,1184.01,23,Bronze,3.0
C0353,38,Female,Andijan,2023-10-13,151.97,21,Silver,1.0
C0354,21,Male,Tashkent,2023-12-16,378.72,8,Gold,3.0
C0355,61,Male,Andijan,2023-08-04,295.77,7,Silver,1.0
C0356,36,Male,Bukhara,2023-02-01,88.59,26,Gold,1.0
C0357,19,Male,Tashkent,2023-10-30,532.47,9,Silver,1.0
C0358,43,Female,Samarkand,2023-03-29,711.39,24,Silver,3.0
C0359,51,Male,Andijan,2023-03-04,1157.53,25,Gold,3.0
C0360,31,Male,Nukus,2023-10-06,479.79,17,Bronze,
C0361,32,Female,Tashkent,2023-03-15,876.83,10,Gold,1.0
C0362,37,Male,Samarkand,2023-11-02,87.9,29,Bronze,2.0
C0363,51,Male,Bukhara,2023-05-04,65.44,28,Bronze,1.0
C0364,53,Female,Samarkand,2023-09-26,297.81,3,Silver,5.0
C0365,36,Female,Andijan,2023-10-12,551.71,21,Silver,2.0
C0366,26,Male,Nukus,2023-05-01,365.74,25,Silver,2.0
C0367,24,Male,Andijan,2023-12-12,887.86,8,Silver,2.0
C0368,47,Female,Samarkand,2023-07-31,1597.55,14,Silver,5.0
C0369,30,Male,Tashkent,2023-05-28,753.88,26,Gold,2.0
C0370,44,Male,Nukus,2023-03-19,361.66,7,Gold,2.0
C0371,61,Male,Nukus,2023-12-31,260.19,16,Gold,
C0372,52,Female,,2023-01-14,128.46,18,Gold,3.0
C0373,30,Male,Andijan,2023-05-16,475.97,11,Silver,1.0
C0374,32,Female,Samarkand,2023-10-31,1594.84,6,Gold,1.0
C0375,63,Female,Nukus,2023-10-07,585.01,20,Gold,4.0
C0376,26,Female,Samarkand,2023-03-20,464.88,21,Bronze,5.0
C0377,62,Female,Nukus,2023-08-31,621.77,14,Silver,3.0
C0378,40,Male,Andijan,2023-07-12,730.63,21,Gold,1.0
C0379,53,Female,Tashkent,2023-08-30,26.12,13,Gold,
C0380,57,Male,Tashkent,2023-02-20,2273.16,4,Gold,2.0
C0381,20,Female,Samarkand,2023-08-20,19.56,20,Silver,5.0
C0382,51,Female,Nukus,2023-09-16,403.25,20,Gold,3.0
C0383,36,Male,Tashkent,2023-08-06,627.37,11,Bronze,4.0
C0384,45,Female,,2023-07-25,411.39,18,Silver,3.0
C0385,40,Female,Andijan,2023-11-10,530.57,1,Bronze,1.0
C0386,57,Male,Samarkand,2023-11-07,293.08,12,Silver,1.0
C0387,62,Female,Nukus,2023-04-30,329.01,18,Gold,5.0
C0388,24,Female,Samarkand,2023-03-21,460.37,7,Silver,3.0
C0389,58,Female,Nukus,2023-02-11,838.51,12,Silver,
C0390,29,Male,Nukus,2023-01-21,539.73,1,Silver,2.0
C0391,31,Female,Andijan,2023-01-10,1041.98,22,Bronze,2.0
C0392,63,Male,Samarkand,2023-11-09,800.38,4,Silver,4.0
C0393,32,Male,Bukhara,2023-06-02,1052.65,18,Gold,5.0
C0394,20,Male,Nukus,2023-11-08,378.93,15,Silver,1.0
C0395,32,Female,Nukus,2023-10-21,220.24,3,Silver,4.0
C0396,41,Female,Tashkent,2023-03-27,206.44,7,Gold,2.0
C0397,63,Female,Samarkand,2023-04-23,614.34,6,Gold,4.0
C0398,25,Female,Bukhara,,158.01,15,Bronze,4.0
C0399,22,Male,Andijan,2023-04-22,1225.5,15,Gold,1.0
C0400,21,Male,Bukhara,2023-06-24,168.08,6,Gold,1.0
C0401,31,Female,Andijan,2023-11-06,1159.09,8,Gold,1.0
C0402,33,Female,Bukhara,,357.2,8,Silver,5.0
C0403,37,Male,Bukhara,2023-01-04,570.4,22,Bronze,4.0
C0404,41,Female,Samarkand,2023-08-10,269.8,1,Gold,4.0
C0405,23,Female,Tashkent,2023-08-09,461.45,26,Gold,5.0
C0406,48,Female,Bukhara,2023-06-20,,13,Gold,2.0
C0407,23,Female,Nukus,2023-11-14,481.26,23,Silver,3.0
C0408,52,Female,Nukus,2023-08-01,115.96,24,Silver,2.0
C0409,32,Female,Nukus,2023-09-10,837.32,21,Bronze,5.0
C0410,46,Male,Tashkent,2023-05-04,534.35,13,Bronze,4.0
C0411,20,Male,Bukhara,2023-05-08,209.5,11,Silver,4.0
C0412,28,Male,Andijan,2023-08-01,530.69,4,Gold,1.0
C0413,20,Male,Andijan,2023-04-22,715.8,7,Gold,
C0414,45,Female,Samarkand,2023-03-26,543.77,28,Bronze,4.0
C0415,27,Female,Tashkent,2023-01-04,1276.19,12,Gold,4.0
C0416,50,Male,Bukhara,2023-03-06,68.47,27,Silver,1.0
C0417,33,Male,Nukus,2023-11-14,249.99,13,Bronze,1.0
C0418,27,Male,Tashkent,2023-12-12,772.83,22,Silver,2.0
C0419,50,Male,Tashkent,2023-04-30,351.37,12,Silver,4.0
C0420,53,Male,Bukhara,2023-08-31,99.49,16,Gold,4.0
C0421,,Female,Samarkand,2023-05-17,1466.95,6,Silver,5.0
C0422,22,Female,,2023-09-04,239.73,14,Silver,2.0
C0423,29,Male,Samarkand,2023-02-14,333.05,19,Gold,3.0
C0424,61,Male,Nukus,2023-05-26,494.41,16,Silver,3.0
C0425,,Female,Nukus,2023-06-25,1418.78,27,Gold,3.0
C0426,41,Female,Bukhara,2023-02-11,530.39,,Silver,1.0
C0427,61,Female,Samarkand,2023-10-24,324.33,4,Gold,3.0
C0428,49,Male,Bukhara,2023-03-30,2755.06,5,Gold,5.0
C0429,33,Female,Samarkand,2023-08-06,685.36,9,Bronze,1.0
C0430,49,Male,Tashkent,2023-08-16,583.91,24,Silver,
C0431,62,Male,Andijan,2023-10-25,112.3,3,Silver,3.0
C0432,54,Female,Andijan,2023-10-18,712.11,22,Bronze,
C0433,53,Female,Samarkand,2023-03-08,999.08,10,Gold,2.0
C0434,38,Female,,2023-09-08,129.78,17,Gold,2.0
C0435,64,Male,Nukus,2023-02-10,1356.29,19,Bronze,3.0
C0436,29,Female,Samarkand,2023-04-09,2364.57,10,Bronze,5.0
C0437,38,Female,Samarkand,2023-11-02,1473.78,12,Gold,
C0438,38,Male,Nukus,2023-12-26,270.17,23,Gold,4.0
C0439,60,Female,Samarkand,2023-12-08,1394.86,7,Bronze,3.0
C0440,23,Female,Tashkent,2023-03-20,869.24,18,Silver,1.0
C0441,26,Male,Nukus,2023-10-28,423.05,19,Gold,3.0
C0442,18,Male,Tashkent,2023-07-18,1195.82,15,Bronze,3.0
C0443,29,Male,Andijan,2023-05-27,743.0,7,Silver,5.0
C0444,31,Male,Nukus,2023-04-16,542.85,12,Silver,4.0
C0445,23,Male,Nukus,2023-07-12,354.21,22,Silver,1.0
C0446,18,Female,Bukhara,2023-05-02,284.8,29,Silver,3.0
C0447,39,Female,Bukhara,2023-03-18,620.81,7,Bronze,
C0448,51,Male,Nukus,2023-11-08,400.02,10,Gold,1.0
C0449,28,Female,Andijan,2023-04-22,742.52,25,Silver,3.0
C0450,20,Female,Samarkand,2023-12-15,1201.4,24,Silver,3.0
C0451,59,Male,Bukhara,2023-10-24,497.38,22,Bronze,3.0
C0452,23,Male,Andijan,2023-06-19,329.66,28,Silver,2.0
C0453,23,Male,Andijan,2023-01-06,751.47,20,Bronze,2.0
C0454,37,Female,Bukhara,2023-07-16,382.94,29,Bronze,4.0
C0455,38,Male,Samarkand,2023-04-08,787.66,10,Gold,
C0456,19,Female,Bukhara,2023-11-25,164.05,25,Silver,1.0
C0457,43,Female,Andijan,2023-08-18,925.78,23,Gold,5.0
C0458,48,Female,Tashkent,2023-06-17,861.99,5,Bronze,5.0
C0459,43,Female,Bukhara,2023-10-24,508.89,18,Silver,2.0
C0460,49,Male,Andijan,2023-09-22,637.78,9,Bronze,4.0
C0461,27,Female,Bukhara,2023-01-08,858.35,16,Bronze,5.0
C0462,40,Male,Andijan,2023-06-21,1418.68,7,Bronze,5.0
C0463,23,Female,Samarkand,2023-12-26,220.84,25,Silver,3.0
C0464,40,Male,Andijan,2023-07-14,694.25,27,Bronze,1.0
C0465,45,Male,Nukus,2023-09-26,136.63,25,Bronze,4.0
C0466,47,Male,Tashkent,2023-01-19,210.85,10,Silver,1.0
C0467,31,Female,Andijan,2023-12-20,1231.02,5,Gold,2.0
C0468,54,Female,Bukhara,2023-12-18,169.32,7,Bronze,5.0
C0469,49,Female,Bukhara,2023-02-18,764.54,5,Gold,5.0
C0470,51,Male,Andijan,2023-12-22,331.1,15,Gold,1.0
C0471,58,Female,Nukus,2023-12-04,145.87,19,Gold,2.0
C0472,61,Female,Andijan,2023-06-07,209.27,10,Gold,3.0
C0473,39,Female,Samarkand,2023-03-07,257.65,8,Gold,3.0
C0474,48,Male,,2023-12-13,1052.65,24,Gold,5.0
C0475,24,Female,Andijan,2023-02-28,259.19,9,Silver,
C0476,58,Female,Tashkent,2023-11-05,333.7,11,Silver,4.0
C0477,38,Male,Nukus,2023-11-04,387.28,28,Gold,1.0
C0478,33,Male,Andijan,2023-12-03,382.66,22,Silver,5.0
C0479,37,Male,Tashkent,2023-06-08,1141.89,2,Silver,2.0
C0480,60,Male,Andijan,2023-09-28,87.77,3,Gold,1.0
C0481,61,Male,Samarkand,2023-05-01,1029.35,13,Gold,4.0
C0482,64,Male,Bukhara,2023-09-11,496.29,11,Bronze,3.0
C0483,36,Female,Andijan,2023-09-18,826.11,28,Silver,4.0
C0484,49,Female,Nukus,2023-05-15,230.68,10,Gold,1.0
C0485,32,Male,Andijan,2023-10-01,286.31,27,Silver,3.0
C0486,22,Female,Andijan,2023-02-25,486.88,15,Silver,2.0
C0487,28,Male,Andijan,2023-11-27,250.31,6,Silver,3.0
C0488,32,Female,Andijan,2023-04-06,202.35,,Bronze,
C0489,46,Male,Nukus,2023-04-24,96.03,14,Gold,2.0
C0490,62,Male,Nukus,2023-12-23,282.21,18,Silver,5.0
C0491,21,Female,Andijan,2023-01-28,438.94,24,Gold,5.0
C0492,53,Female,Bukhara,2023-11-02,427.05,11,Silver,3.0
C0493,40,Female,Andijan,2023-01-02,525.18,8,Gold,3.0
C0494,32,Female,Nukus,2023-07-31,669.2,22,Gold,4.0
C0495,63,Female,Samarkand,2023-03-09,686.45,3,Gold,5.0
C0496,61,Female,Andijan,2023-05-08,421.85,14,Silver,2.0
C0497,20,Female,Andijan,2023-11-29,867.49,2,Bronze,3.0
C0498,49,Female,Andijan,2023-01-24,170.46,29,Gold,3.0
C0499,27,Male,Andijan,2023-09-10,925.92,16,Bronze,4.0
C0500,57,Female,Tashkent,2023-08-18,1511.35,6,Gold,
C0501,55,Female,Andijan,2023-06-25,692.35,1,Bronze,4.0
C0502,39,Male,Nukus,2023-08-09,107.85,14,Gold,1.0
C0503,31,Male,Nukus,2023-02-05,262.37,10,Bronze,2.0
C0504,34,Male,Tashkent,2023-01-02,247.08,6,,
C0505,38,Male,Andijan,2023-12-27,420.55,9,Gold,3.0
C0506,32,Female,Bukhara,2023-10-01,866.48,7,Bronze,4.0
C0507,32,Female,Andijan,2023-06-26,192.9,25,Gold,4.0
C0508,18,Male,Nukus,2023-09-21,1242.82,2,Silver,4.0
C0509,41,Male,Samarkand,2023-07-05,765.2,11,Gold,5.0
C0510,29,Female,Samarkand,2023-01-15,646.22,14,Gold,2.0
C0511,27,Female,Bukhara,2023-10-06,171.66,5,Silver,
C0512,63,Female,Andijan,2023-07-13,1608.48,9,Silver,
C0513,59,Female,Tashkent,2023-07-17,1621.57,7,Silver,4.0
C0514,59,Male,Andijan,2023-12-15,272.49,25,Bronze,3.0
C0515,48,Female,Bukhara,2023-11-01,239.69,14,Silver,5.0
C0516,28,Male,Bukhara,2023-03-05,365.62,27,Bronze,2.0
C0517,33,Male,Bukhara,2023-10-17,592.57,16,Silver,3.0
C0518,26,Male,Samarkand,2023-01-18,101.34,22,Bronze,4.0
C0519,64,Female,Andijan,2023-03-05,183.02,16,Silver,4.0
C0520,31,Male,Andijan,2023-12-28,646.51,7,Silver,4.0
C0521,36,Female,Tashkent,2023-11-26,949.63,10,Gold,4.0
C0522,48,Male,Bukhara,2023-12-24,701.32,21,Silver,
C0523,26,Female,Bukhara,2023-09-08,888.83,6,Gold,
C0524,53,Male,Nukus,2023-01-17,944.21,17,Silver,2.0
C0525,56,Male,Nukus,2023-05-21,986.79,1,Silver,
C0526,43,Female,Samarkand,2023-11-04,665.04,2,Gold,5.0
C0527,25,Female,Andijan,2023-11-16,321.42,27,Gold,3.0
C0528,41,Male,Tashkent,2023-09-02,57.65,14,Bronze,5.0
C0529,25,Male,Tashkent,2023-10-17,1129.19,4,Gold,5.0
C0530,36,Female,Bukhara,2023-12-17,565.76,27,Bronze,2.0
C0531,64,Male,Tashkent,2023-03-28,560.64,9,Silver,5.0
C0532,47,Female,Bukhara,2023-07-18,976.6,23,Gold,3.0
C0533,39,Female,Andijan,2023-12-24,132.71,6,Gold,4.0
C0534,26,Male,Tashkent,2023-06-10,592.09,17,Silver,1.0
C0535,61,Female,Bukhara,2023-05-20,310.46,21,Silver,2.0
C0536,,Male,Andijan,2023-03-17,532.62,11,Silver,3.0
C0537,54,Female,Andijan,2023-01-19,1427.06,28,Silver,2.0
C0538,25,Female,Bukhara,2023-11-26,364.11,29,Gold,
C0539,18,Male,Bukhara,2023-02-19,617.18,4,Silver,5.0
C0540,45,Female,Samarkand,2023-08-20,541.87,21,Silver,5.0
C0541,23,Male,Andijan,2023-10-22,896.97,27,Gold,3.0
C0542,64,Female,Bukhara,2023-01-12,735.36,9,Bronze,4.0
C0543,53,Female,Andijan,2023-12-01,215.94,28,Gold,1.0
C0544,28,Female,Tashkent,2023-01-15,1298.4,16,Bronze,1.0
C0545,22,Female,Nukus,2023-01-28,540.79,3,Silver,5.0
C0546,41,Male,Nukus,2023-10-19,215.83,4,Gold,4.0
C0547,64,Female,Bukhara,2023-11-17,158.41,24,Silver,4.0
C0548,35,Female,Bukhara,2023-09-07,806.37,3,Gold,
C0549,37,Female,Andijan,2023-04-08,1103.47,13,Bronze,1.0
C0550,45,Male,Bukhara,2023-10-30,942.2,19,Gold,3.0
C0551,30,Male,,2023-12-03,429.84,29,Silver,2.0
C0552,22,Male,Bukhara,2023-02-08,453.62,25,Gold,4.0
C0553,47,Male,Andijan,2023-02-07,762.19,21,,1.0
C0554,18,Female,Bukhara,2023-10-27,212.45,26,Gold,3.0
C0555,39,Female,Samarkand,2023-06-28,1105.77,1,Bronze,5.0
C0556,35,Female,Andijan,2023-04-07,832.31,23,Gold,2.0
C0557,63,Male,Samarkand,2023-10-09,288.02,23,Gold,3.0
C0558,22,Male,Samarkand,2023-08-26,522.6,6,Gold,5.0
C0559,48,Female,Samarkand,2023-06-13,480.52,22,Gold,1.0
C0560,23,Female,Samarkand,2023-04-07,333.66,3,Bronze,
C0561,44,Female,Tashkent,2023-09-14,1050.59,3,Silver,2.0
C0562,42,Male,Nukus,2023-11-05,71.3,16,Gold,5.0
C0563,46,Female,Tashkent,2023-09-19,887.73,10,Gold,4.0
C0564,45,Female,Bukhara,2023-10-20,1030.8,27,Gold,1.0
C0565,33,Male,Bukhara,2023-09-15,522.88,25,Bronze,4.0
C0566,29,Male,Nukus,2023-09-06,29.94,17,Silver,
C0567,37,Female,Nukus,2023-09-02,163.32,7,Silver,3.0
C0568,35,Male,Nukus,2023-09-08,288.01,13,Gold,3.0
C0569,51,Female,Samarkand,2023-05-03,575.18,28,Gold,1.0
C0570,40,Female,Tashkent,2023-11-21,984.45,11,Silver,4.0
C0571,62,Female,Bukhara,2023-06-18,194.46,10,Gold,3.0
C0572,44,Female,Tashkent,2023-06-24,561.58,7,Gold,5.0
C0573,34,Male,Tashkent,2023-09-26,97.28,24,Gold,
C0574,38,Male,Tashkent,2023-07-23,1177.61,6,Bronze,5.0
C0575,57,Male,Nukus,2023-11-21,177.69,24,Bronze,
C0576,48,Female,Nukus,2023-03-07,486.19,1,Silver,4.0
C0577,20,Female,Bukhara,2023-11-11,553.54,17,Bronze,5.0
C0578,34,Female,Bukhara,2023-11-20,555.59,25,Bronze,4.0
C0579,43,Male,Bukhara,2023-02-28,175.8,12,Silver,1.0
C0580,40,Male,Tashkent,2023-08-07,380.52,4,Bronze,1.0
C0581,23,Female,Nukus,2023-09-23,187.43,3,Silver,5.0
C0582,45,Male,Samarkand,2023-05-21,530.03,6,Gold,5.0
C0583,25,Male,Tashkent,2023-08-24,262.84,26,Silver,5.0
C0584,62,Male,Andijan,2023-08-06,464.52,28,Silver,1.0
C0585,25,Male,Tashkent,2023-01-15,630.24,16,Silver,3.0
C0586,36,Female,Nukus,2023-10-29,435.0,13,Gold,1.0
C0587,55,Male,Andijan,2023-05-18,384.02,28,Gold,5.0
C0588,46,Female,Tashkent,2023-08-20,274.19,9,Gold,3.0
C0589,40,Male,Nukus,2023-03-30,445.03,26,Silver,3.0
C0590,64,Female,Nukus,2023-03-18,210.28,11,Silver,2.0
C0591,49,Female,Samarkand,2023-05-16,695.87,20,Silver,4.0
C0592,27,Male,Tashkent,2023-04-20,557.14,25,Silver,5.0
C0593,44,Female,Nukus,2023-12-19,494.91,21,Silver,4.0
C0594,18,Female,Bukhara,2023-10-28,1260.05,13,Silver,2.0
C0595,56,Male,Nukus,2023-04-01,150.98,23,Silver,4.0
C0596,46,Female,Samarkand,2023-07-09,696.07,19,Bronze,5.0
C0597,62,Male,Nukus,2023-03-14,429.71,3,Gold,2.0
C0598,20,Female,Tashkent,2023-06-22,598.83,12,Bronze,4.0
C0599,64,Male,Tashkent,2023-02-04,320.63,19,Gold,
C0600,54,Male,Andijan,2023-07-29,439.42,8,Silver,3.0
C0601,48,Male,Tashkent,2023-10-25,310.64,14,Bronze,2.0
C0602,28,Male,Andijan,2023-05-13,152.19,22,Silver,1.0
C0603,39,Male,Bukhara,2023-10-10,1316.72,9,Bronze,5.0
C0604,35,Female,Samarkand,2023-07-17,62.91,25,Bronze,3.0
C0605,52,Female,Bukhara,2023-02-01,172.3,24,Silver,2.0
C0606,23,Male,Andijan,2023-05-16,1081.96,17,Bronze,3.0
C0607,20,Female,Nukus,2023-09-05,473.21,6,Bronze,2.0
C0608,22,Female,Nukus,2023-12-25,189.55,4,Gold,2.0
C0609,26,Female,Bukhara,2023-12-07,393.32,4,Silver,4.0
C0610,45,Male,Nukus,2023-05-26,1262.15,19,Silver,3.0
C0611,36,Male,Andijan,2023-11-30,469.49,12,Bronze,3.0
C0612,45,Female,Samarkand,2023-05-23,418.44,25,Silver,1.0
C0613,44,Male,Tashkent,2023-08-22,358.98,2,Gold,5.0
C0614,30,Male,Andijan,2023-02-13,159.43,17,Gold,1.0
C0615,55,Female,Andijan,2023-02-01,589.77,15,Silver,4.0
C0616,60,Male,Tashkent,2023-08-19,229.03,10,Silver,
C0617,38,Male,Tashkent,2023-01-28,279.5,3,Gold,4.0
C0618,44,Male,Samarkand,2023-06-09,858.12,29,Silver,4.0
C0619,63,Male,Samarkand,2023-11-29,958.94,20,Bronze,1.0
C0620,23,Male,Samarkand,2023-07-26,68.61,4,Silver,2.0
C0621,55,Female,Nukus,2023-01-18,790.67,22,Bronze,5.0
C0622,28,Male,Andijan,2023-04-13,561.52,1,Gold,4.0
C0623,64,Male,Tashkent,2023-03-11,965.83,1,Silver,5.0
C0624,58,Female,Andijan,2023-04-29,481.37,18,Gold,2.0
C0625,34,Female,Andijan,2023-05-19,407.77,4,Silver,2.0
C0626,56,Male,Samarkand,2023-06-09,575.89,23,Bronze,1.0
C0627,24,Female,Samarkand,2023-08-20,147.18,22,Silver,3.0
C0628,47,Male,Andijan,2023-05-28,807.3,15,Gold,1.0
C0629,38,Female,Samarkand,2023-12-19,370.23,27,Bronze,5.0
C0630,18,Male,Nukus,2023-08-31,281.72,25,Silver,
C0631,42,Female,Tashkent,2023-02-04,215.94,23,Gold,2.0
C0632,49,Male,Andijan,2023-11-21,687.98,28,Gold,4.0
C0633,25,Female,Tashkent,2023-12-21,1025.07,21,Silver,3.0
C0634,22,Male,Nukus,2023-08-27,713.27,22,Gold,2.0
C0635,47,Male,Samarkand,2023-11-30,486.03,10,Bronze,4.0
C0636,25,Male,Bukhara,2023-05-29,511.15,25,Silver,5.0
C0637,36,Female,Nukus,2023-04-21,390.39,17,Bronze,5.0
C0638,61,Female,Bukhara,2023-01-17,1012.69,27,Gold,5.0
C0639,47,Male,Tashkent,2023-08-14,427.68,25,Gold,1.0
C0640,32,Male,Andijan,2023-05-20,946.02,22,Gold,5.0
C0641,53,Male,Samarkand,2023-05-24,299.53,12,Bronze,5.0
C0642,61,Male,Nukus,2023-09-17,1469.13,20,Gold,1.0
C0643,44,Female,Samarkand,2023-08-05,448.97,12,Silver,4.0
C0644,30,Female,Bukhara,2023-06-11,695.02,16,Silver,2.0
C0645,31,Female,Bukhara,2023-04-02,83.41,5,Gold,3.0
C0646,54,Male,Andijan,2023-06-23,870.21,29,Silver,
C0647,47,Male,Bukhara,2023-11-27,175.96,16,Bronze,5.0
C0648,56,Female,Andijan,2023-07-24,1272.97,17,Bronze,5.0
C0649,64,Female,Nukus,2023-06-02,498.84,23,Gold,1.0
C0650,30,Female,Andijan,2023-04-13,185.62,29,Silver,1.0
C0651,33,Female,Bukhara,2023-07-21,432.98,15,Silver,1.0
C0652,61,Male,Tashkent,2023-10-07,687.47,13,Gold,3.0
C0653,24,Male,Andijan,2023-03-06,888.17,8,Bronze,2.0
C0654,44,Male,Samarkand,2023-04-27,801.76,27,Gold,5.0
C0655,62,Female,Tashkent,2023-06-02,840.93,21,Silver,4.0
C0656,52,Male,Andijan,2023-06-05,275.95,2,Silver,5.0
C0657,32,Female,Samarkand,2023-06-13,187.73,8,Gold,5.0
C0658,45,Female,Tashkent,2023-03-23,336.44,10,Bronze,5.0
C0659,52,Female,Andijan,2023-01-06,135.24,7,Bronze,5.0
C0660,24,Female,Nukus,2023-11-18,99.61,10,Gold,2.0
C0661,63,Female,Samarkand,2023-03-08,296.6,25,Silver,4.0
C0662,63,Male,Nukus,2023-08-26,1337.49,4,Bronze,1.0
C0663,37,Male,Bukhara,2023-03-13,1169.02,11,Gold,4.0
C0664,49,Male,Andijan,2023-04-05,141.4,9,Silver,5.0
C0665,55,Female,Andijan,2023-10-31,343.57,4,Bronze,4.0
C0666,57,Male,Samarkand,2023-11-22,775.97,3,Bronze,5.0
C0667,49,Female,Andijan,2023-03-19,462.29,11,Gold,4.0
C0668,43,Male,Bukhara,2023-03-08,628.33,3,Silver,3.0
C0669,56,Female,Andijan,2023-06-25,52.64,26,Bronze,4.0
C0670,37,Female,Tashkent,2023-11-17,791.56,18,Gold,1.0
C0671,35,Male,Nukus,2023-06-21,730.82,26,Bronze,1.0
C0672,32,Female,Bukhara,2023-09-12,55.32,19,Silver,4.0
C0673,39,Male,Bukhara,2023-03-04,210.76,14,Bronze,4.0
C0674,39,Male,Nukus,2023-10-29,200.9,24,Silver,2.0
C0675,38,Male,Nukus,2023-09-03,139.32,11,Bronze,
C0676,19,Female,Bukhara,2023-07-11,84.75,24,Bronze,1.0
C0677,57,Female,Nukus,2023-11-25,157.56,2,Gold,
C0678,60,Female,Samarkand,2023-03-12,312.36,27,Bronze,1.0
C0679,35,Female,Nukus,2023-08-17,514.33,2,Silver,2.0
C0680,40,Male,Tashkent,2023-03-04,367.21,2,Gold,4.0
C0681,30,Female,Tashkent,2023-10-24,1114.17,10,Silver,3.0
C0682,58,Male,Samarkand,2023-09-02,129.74,23,Silver,1.0
C0683,26,Male,Nukus,2023-01-07,56.83,15,Gold,3.0
C0684,24,Female,Tashkent,2023-09-17,364.29,22,Silver,5.0
C0685,58,Female,Andijan,2023-03-30,62.96,12,Bronze,1.0
C0686,18,Male,Nukus,2023-06-26,223.93,11,Gold,
C0687,19,Female,Samarkand,2023-07-23,527.42,17,Bronze,3.0
C0688,21,Male,Nukus,2023-05-14,606.31,18,Bronze,4.0
C0689,31,Female,Bukhara,2023-03-23,236.41,14,Silver,4.0
C0690,49,Female,Bukhara,2023-01-21,671.87,17,Silver,4.0
C0691,53,Male,Tashkent,2023-05-08,118.28,15,Bronze,5.0
C0692,19,Male,Bukhara,2023-07-14,566.77,12,Gold,4.0
C0693,57,Male,Samarkand,2023-07-13,81.84,27,Bronze,2.0
C0694,31,Female,Tashkent,2023-07-03,2395.09,16,Bronze,1.0
C0695,37,Female,Samarkand,2023-09-04,938.94,23,Silver,1.0
C0696,42,Female,Samarkand,2023-12-27,216.37,6,Silver,3.0
C0697,59,Male,Bukhara,2023-12-26,466.63,2,Bronze,5.0
C0698,25,Male,Bukhara,2023-11-20,169.08,2,Bronze,1.0
C0699,45,Female,Samarkand,2023-06-09,689.52,16,Silver,5.0
C0700,63,Male,Bukhara,2023-07-13,1010.83,2,Bronze,3.0
C0701,38,Female,Bukhara,2023-04-20,1059.58,8,Silver,4.0
C0702,40,Male,Bukhara,2023-03-07,1012.97,7,Bronze,3.0
C0703,49,Female,Nukus,2023-09-11,915.43,1,Gold,2.0
C0704,25,Female,Samarkand,2023-10-10,573.65,4,Gold,4.0
C0705,48,Female,Andijan,2023-03-01,464.65,11,Bronze,4.0
C0706,54,Male,Samarkand,2023-04-28,377.74,20,Silver,4.0
C0707,33,Male,Tashkent,2023-02-13,238.31,7,Bronze,3.0
C0708,57,Female,Bukhara,2023-07-29,351.04,18,Bronze,2.0
C0709,59,Female,Bukhara,2023-02-05,321.56,4,Silver,
C0710,44,Female,Andijan,2023-01-19,130.11,17,Bronze,3.0
C0711,57,Female,Tashkent,2023-04-01,375.68,29,Silver,1.0
C0712,58,Female,Nukus,2023-10-28,405.74,29,Bronze,
C0713,35,Female,Samarkand,2023-07-31,162.96,11,Silver,3.0
C0714,52,Male,Nukus,2023-08-10,817.14,11,Bronze,5.0
C0715,32,Male,Tashkent,2023-08-05,552.26,20,Gold,1.0
C0716,44,Male,Andijan,2023-08-11,144.7,11,Silver,5.0
C0717,34,Male,Tashkent,2023-04-08,530.39,15,Gold,4.0
C0718,57,Female,Andijan,2023-01-19,296.33,14,Silver,3.0
C0719,19,Female,Nukus,2023-10-24,369.71,17,Silver,
C0720,48,Female,Nukus,2023-01-26,453.56,2,Silver,1.0
C0721,54,Male,Tashkent,2023-01-28,1094.61,18,Silver,5.0
C0722,58,Male,Tashkent,2023-03-05,302.86,16,Bronze,4.0
C0723,58,Female,Bukhara,2023-11-20,592.56,12,Bronze,1.0
C0724,51,Male,Andijan,2023-08-11,256.44,10,Silver,2.0
C0725,51,Male,Bukhara,2023-03-21,792.93,28,Bronze,4.0
C0726,20,Female,Samarkand,2023-02-20,605.89,16,Silver,2.0
C0727,34,Female,Samarkand,2023-04-12,395.41,3,Silver,2.0
C0728,31,Female,Tashkent,2023-06-25,989.84,8,Gold,1.0
C0729,31,Male,Nukus,2023-01-10,1658.4,27,Silver,3.0
C0730,63,Female,Samarkand,2023-08-25,396.44,22,Silver,5.0
C0731,55,Female,Samarkand,2023-04-10,602.43,22,Bronze,1.0
C0732,52,Female,Bukhara,2023-08-16,464.41,25,Silver,4.0
C0733,18,Male,Bukhara,2023-03-05,2510.27,24,Silver,5.0
C0734,46,Male,Samarkand,2023-01-19,402.0,2,Gold,3.0
C0735,21,Female,Tashkent,2023-11-28,282.46,22,Bronze,1.0
C0736,50,Female,Bukhara,2023-11-14,306.96,1,Bronze,3.0
C0737,34,Male,Samarkand,2023-05-21,998.37,29,Gold,4.0
C0738,45,Male,Nukus,2023-01-25,854.91,14,Silver,1.0
C0739,43,Female,Bukhara,2023-08-16,810.45,25,Gold,4.0
C0740,25,Male,Samarkand,2023-03-30,867.74,4,Bronze,5.0
C0741,51,Female,Andijan,2023-04-02,867.03,4,Gold,5.0
C0742,35,Female,Bukhara,2023-02-11,586.32,9,Bronze,3.0
C0743,48,Male,Andijan,2023-10-22,589.71,3,Gold,3.0
C0744,44,Female,Bukhara,2023-03-22,299.63,5,Silver,5.0
C0745,33,Female,Bukhara,2023-04-17,382.3,1,Silver,2.0
C0746,27,Male,Andijan,2023-04-21,882.94,22,Bronze,5.0
C0747,57,Female,Tashkent,2023-10-04,229.4,19,Gold,1.0
C0748,29,Male,Samarkand,2023-08-02,490.7,1,Bronze,4.0
C0749,39,Female,Tashkent,2023-08-19,319.76,10,Silver,5.0
C0750,33,Female,Tashkent,2023-11-02,202.44,22,Bronze,
C0751,29,Male,Samarkand,2023-05-01,1596.7,12,Silver,4.0
C0752,28,Male,Nukus,2023-05-14,652.33,10,Bronze,4.0
C0753,37,Male,Tashkent,2023-11-02,264.37,2,Gold,1.0
C0754,18,Male,,2023-07-27,1947.64,16,Silver,4.0
C0755,44,Male,Tashkent,2023-09-14,169.73,8,Bronze,3.0
C0756,20,Male,Nukus,2023-07-04,1669.49,14,Silver,
C0757,29,Female,Bukhara,2023-10-13,560.96,29,Gold,4.0
C0758,47,Male,Andijan,2023-12-29,268.9,15,Silver,1.0
C0759,26,Female,Andijan,2023-06-29,159.65,16,Gold,4.0
C0760,54,Male,Nukus,2023-02-17,809.19,11,Silver,5.0
C0761,18,Female,Tashkent,2023-03-28,1214.62,12,Gold,2.0
C0762,59,Female,Andijan,2023-01-19,134.73,2,Silver,4.0
C0763,21,Male,Nukus,2023-02-15,73.38,4,Gold,3.0
C0764,32,Female,Samarkand,2023-02-25,599.99,3,Bronze,5.0
C0765,44,Female,Andijan,2023-08-17,389.15,9,Bronze,1.0
C0766,25,Female,Samarkand,2023-05-25,559.2,18,Silver,
C0767,40,Male,Tashkent,2023-04-02,317.91,19,Gold,2.0
C0768,32,Male,Andijan,2023-03-23,419.82,7,Bronze,1.0
C0769,44,Female,Nukus,2023-08-13,1298.1,4,Silver,2.0
C0770,48,Male,Bukhara,2023-03-20,563.58,6,Bronze,2.0
C0771,56,Male,Andijan,2023-05-30,998.05,19,Gold,3.0
C0772,64,Female,Andijan,2023-12-27,187.17,1,Silver,4.0
C0773,25,Female,Andijan,2023-10-10,175.19,16,Gold,3.0
C0774,47,Male,Andijan,2023-11-07,1314.51,11,Gold,3.0
C0775,59,Male,Nukus,2023-06-09,247.48,22,Gold,
C0776,35,Male,Nukus,2023-11-12,877.54,4,Bronze,1.0
C0777,21,Female,Bukhara,2023-12-31,1302.22,18,Silver,4.0
C0778,64,Male,Nukus,2023-06-05,364.95,23,Gold,4.0
C0779,60,Male,Nukus,2023-06-05,882.8,26,Bronze,1.0
C0780,39,Male,Tashkent,2023-07-21,795.49,29,Gold,3.0
C0781,20,Female,Tashkent,2023-12-07,135.58,28,Bronze,
C0782,32,Female,Samarkand,2023-12-08,491.24,29,Silver,2.0
C0783,52,Female,Bukhara,2023-04-27,444.47,5,Silver,2.0
C0784,64,Male,Tashkent,2023-06-03,433.95,22,Silver,5.0
C0785,55,Male,Bukhara,2023-12-30,399.71,6,Silver,2.0
C0786,50,Female,Bukhara,2023-11-27,561.5,25,Gold,4.0
C0787,31,Male,Andijan,2023-04-29,630.31,28,Bronze,
C0788,18,Male,Bukhara,2023-07-18,543.01,2,Silver,3.0
C0789,43,Male,Andijan,2023-09-20,499.75,12,Gold,5.0
C0790,25,Female,Samarkand,2023-07-03,289.07,22,Silver,2.0
C0791,33,Male,Samarkand,2023-05-28,1461.26,9,Silver,5.0
C0792,55,Male,Samarkand,2023-06-15,3.97,28,Silver,1.0
C0793,27,Female,Andijan,2023-03-16,610.99,20,Bronze,1.0
C0794,59,Male,Andijan,2023-08-24,289.96,29,Bronze,5.0
C0795,54,Female,Samarkand,2023-11-10,565.01,12,Bronze,5.0
C0796,43,Male,Andijan,2023-09-29,157.88,29,Silver,5.0
C0797,45,Female,Nukus,2023-06-28,1663.62,13,Gold,3.0
C0798,29,Female,Nukus,2023-10-10,1647.73,27,Gold,4.0
C0799,37,Male,Andijan,2023-02-20,901.19,22,Gold,2.0
C0800,31,Male,Andijan,2023-03-16,518.39,23,Silver,2.0
C0801,63,Female,Tashkent,2023-05-24,302.67,17,Bronze,2.0
C0802,52,Male,Tashkent,2023-12-09,370.44,5,Gold,5.0
C0803,46,Female,Bukhara,2023-07-07,1947.59,20,Silver,5.0
C0804,29,Male,Bukhara,2023-05-03,902.44,13,Silver,5.0
C0805,35,Male,Bukhara,2023-11-28,38.26,29,Gold,3.0
C0806,61,Male,Samarkand,2023-09-08,1651.96,13,Gold,3.0
C0807,19,Male,Nukus,2023-10-23,600.16,10,Silver,3.0
C0808,19,Female,Samarkand,2023-11-19,466.51,15,Gold,3.0
C0809,34,Female,Andijan,2023-05-10,1140.39,15,Silver,1.0
C0810,27,Male,Tashkent,2023-09-09,488.19,18,Gold,3.0
C0811,35,Male,Andijan,2023-12-24,2079.96,18,Bronze,3.0
C0812,39,Male,Andijan,2023-06-29,486.92,2,Silver,3.0
C0813,36,Male,Tashkent,2023-12-15,202.16,23,Bronze,2.0
C0814,18,Male,Andijan,2023-04-20,836.18,11,Gold,2.0
C0815,41,Female,Bukhara,2023-12-04,140.2,13,Silver,2.0
C0816,53,Female,Tashkent,2023-03-19,184.04,11,Gold,4.0
C0817,42,Male,Andijan,2023-01-02,773.37,4,Silver,1.0
C0818,53,Female,Bukhara,2023-11-17,1623.31,15,Gold,5.0
C0819,48,Female,Bukhara,2023-10-03,1264.77,22,Bronze,3.0
C0820,48,Male,Nukus,2023-10-17,342.11,23,Bronze,2.0
C0821,19,Female,Bukhara,2023-10-24,462.96,25,Gold,1.0
C0822,36,Female,Samarkand,2023-06-18,309.29,11,Bronze,3.0
C0823,29,Female,Tashkent,2023-08-28,308.1,18,Bronze,4.0
C0824,27,Female,Tashkent,2023-01-23,324.95,16,Gold,5.0
C0825,48,Male,Tashkent,2023-10-21,1086.07,10,Silver,
C0826,62,Female,Andijan,2023-06-21,1389.8,12,Gold,5.0
C0827,39,Female,Andijan,2023-11-19,825.06,13,Silver,3.0
C0828,40,Female,Samarkand,2023-11-14,171.18,9,Bronze,4.0
C0829,40,Male,Bukhara,2023-10-13,521.88,27,Bronze,1.0
C0830,32,Female,Andijan,2023-12-09,441.21,21,Bronze,5.0
C0831,43,Female,Bukhara,2023-07-12,789.75,13,Bronze,5.0
C0832,20,Female,Bukhara,2023-06-18,714.81,6,Bronze,
C0833,40,Male,Andijan,2023-04-28,811.41,6,Silver,5.0
C0834,37,Male,Andijan,2023-01-06,356.16,11,Silver,2.0
C0835,62,Male,Samarkand,2023-11-27,172.57,19,Silver,
C0836,57,Male,Nukus,2023-05-12,629.85,27,Gold,4.0
C0837,56,Male,Tashkent,2023-04-03,177.05,11,Bronze,
C0838,25,Female,Andijan,2023-09-08,636.64,10,Bronze,3.0
C0839,35,Male,Andijan,2023-01-10,1305.71,23,Bronze,1.0
C0840,58,Female,Bukhara,2023-02-20,605.18,15,Gold,2.0
C0841,23,Male,Nukus,2023-12-15,813.69,13,Gold,4.0
C0842,44,Male,Andijan,2023-10-21,95.23,23,Gold,3.0
C0843,53,Male,Nukus,2023-05-09,400.56,8,Bronze,3.0
C0844,32,Female,Tashkent,2023-09-06,510.73,5,Silver,2.0
C0845,54,Female,Bukhara,2023-04-12,828.31,2,Gold,5.0
C0846,22,Female,Samarkand,2023-12-03,474.58,16,Gold,1.0
C0847,56,Male,Tashkent,2023-03-24,463.59,13,Silver,2.0
C0848,26,Male,Nukus,2023-07-10,208.76,19,Gold,2.0
C0849,24,Male,Nukus,2023-05-23,656.55,9,Silver,2.0
C0850,58,Male,Tashkent,2023-08-25,2265.14,15,Bronze,2.0
C0851,37,Male,Nukus,2023-10-14,1084.32,6,Silver,5.0
C0852,27,Male,Samarkand,2023-10-04,1009.95,8,Silver,4.0
C0853,43,Female,Samarkand,2023-10-18,1087.11,24,Bronze,2.0
C0854,21,Female,Nukus,2023-06-18,548.31,14,Gold,2.0
C0855,55,Male,Nukus,2023-05-24,305.45,5,Bronze,1.0
C0856,41,Female,Samarkand,2023-07-03,538.47,17,Gold,3.0
C0857,31,Female,Nukus,2023-02-14,150.13,22,Gold,5.0
C0858,58,Female,Andijan,2023-08-31,108.62,7,Silver,2.0
C0859,18,Male,Bukhara,2023-11-11,324.13,9,Bronze,
C0860,34,Male,Andijan,2023-09-25,531.72,16,Silver,4.0
C0861,62,Male,Nukus,2023-09-10,191.22,18,Bronze,
C0862,41,Male,Nukus,2023-10-16,329.79,28,Bronze,1.0
C0863,44,Female,Bukhara,2023-07-31,987.4,13,Silver,4.0
C0864,24,Male,Nukus,2023-06-26,1390.61,18,Gold,1.0
C0865,26,Male,Bukhara,2023-01-21,124.89,10,Gold,5.0
C0866,60,Male,Samarkand,2023-11-12,365.88,1,Bronze,4.0
C0867,52,Female,Bukhara,2023-02-21,1368.99,21,Gold,3.0
C0868,29,Female,Bukhara,2023-08-21,1059.95,18,Silver,2.0
C0869,38,Female,Andijan,2023-05-03,987.07,19,Silver,
C0870,20,Female,Nukus,2023-12-28,456.33,2,Silver,3.0
C0871,32,Female,Samarkand,2023-04-10,641.46,27,Bronze,5.0
C0872,38,Male,Tashkent,2023-08-02,863.16,4,Bronze,4.0
C0873,27,Female,Bukhara,2023-11-23,1743.11,11,Gold,5.0
C0874,50,Female,Tashkent,2023-05-15,286.16,3,Silver,5.0
C0875,63,Male,Nukus,2023-11-14,532.46,9,Silver,5.0
C0876,23,Male,Bukhara,2023-08-06,452.79,10,Bronze,
C0877,19,Male,Tashkent,2023-03-29,408.27,28,Bronze,3.0
C0878,46,Female,Andijan,2023-10-07,811.94,2,Bronze,4.0
C0879,57,Male,Tashkent,2023-02-09,803.15,7,Silver,
C0880,50,Female,Andijan,2023-08-28,537.0,15,Silver,4.0
C0881,21,Male,Samarkand,2023-11-28,1257.91,27,Gold,4.0
C0882,21,Female,Nukus,2023-05-16,858.83,19,Silver,1.0
C0883,46,Female,Tashkent,2023-07-01,1039.59,10,Gold,1.0
C0884,54,Female,Bukhara,2023-09-22,288.54,24,Gold,5.0
C0885,37,Female,Nukus,2023-09-16,552.64,20,Silver,4.0
C0886,58,Male,Tashkent,2023-07-01,1013.14,14,Gold,3.0
C0887,40,Male,Bukhara,2023-01-21,197.31,4,Gold,1.0
C0888,62,Female,Bukhara,2023-12-17,825.94,25,Bronze,1.0
C0889,35,Male,Bukhara,2023-07-15,193.15,11,Silver,3.0
C0890,42,Female,Bukhara,2023-07-31,883.16,3,Gold,
C0891,18,Male,Tashkent,2023-01-16,348.92,23,Gold,3.0
C0892,32,Male,Samarkand,2023-07-21,688.73,17,Gold,2.0
C0893,51,Female,Andijan,2023-12-29,320.23,7,Silver,3.0
C0894,37,Female,Andijan,2023-08-06,221.09,26,Bronze,2.0
C0895,54,Male,Andijan,2023-04-03,1186.39,11,Bronze,5.0
C0896,44,Female,Samarkand,2023-05-13,159.83,18,Silver,5.0
C0897,39,Male,Bukhara,2023-05-19,241.99,28,Silver,1.0
C0898,22,Male,Bukhara,2023-06-06,1325.95,14,Silver,3.0
C0899,51,Male,Nukus,2023-12-01,315.73,14,Silver,1.0
C0900,56,Female,Andijan,2023-03-11,165.4,6,Bronze,3.0
C0901,20,Female,Andijan,2023-10-31,597.63,29,Gold,1.0
C0902,34,Male,Bukhara,2023-01-15,399.82,9,Gold,5.0
C0903,41,Female,Andijan,2023-08-23,279.17,22,Silver,5.0
C0904,41,Female,Bukhara,2023-07-31,749.9,3,Silver,1.0
C0905,20,Male,,2023-10-17,95.11,17,Gold,3.0
C0906,62,Female,Bukhara,2023-03-01,495.37,28,Bronze,4.0
C0907,24,Female,Tashkent,2023-09-09,124.15,12,Silver,3.0
C0908,42,Male,Tashkent,2023-01-02,1155.19,4,Silver,1.0
C0909,20,Female,Tashkent,2023-08-24,2035.42,20,Bronze,3.0
C0910,32,Male,Tashkent,2023-12-02,242.62,16,Bronze,2.0
C0911,46,Female,Samarkand,2023-01-19,601.08,29,Bronze,3.0
C0912,46,Female,Nukus,2023-02-18,79.1,24,Silver,5.0
C0913,27,Male,Nukus,2023-03-19,114.45,10,Bronze,5.0
C0914,49,Male,Bukhara,2023-01-28,316.63,26,Silver,2.0
C0915,40,Female,Andijan,2023-02-17,376.92,29,Silver,3.0
C0916,56,Male,Tashkent,2023-04-06,282.93,7,Bronze,4.0
C0917,26,Male,Nukus,2023-06-14,441.87,10,Gold,3.0
C0918,54,Female,Nukus,2023-12-31,787.52,7,Bronze,5.0
C0919,57,Male,Tashkent,2023-06-25,502.24,23,Gold,5.0
C0920,31,Female,Samarkand,2023-03-14,701.73,28,Bronze,
C0921,21,Female,Samarkand,2023-12-22,157.86,18,Bronze,5.0
C0922,37,Male,Nukus,2023-01-29,443.18,9,Silver,1.0
C0923,45,Female,Samarkand,2023-06-06,1531.64,22,Silver,5.0
C0924,31,Male,Tashkent,2023-11-10,255.39,18,Silver,5.0
C0925,61,Female,Nukus,2023-10-31,581.82,17,Silver,4.0
C0926,51,Male,Tashkent,2023-10-06,607.61,11,Silver,1.0
C0927,30,Male,Samarkand,2023-10-10,220.34,1,Silver,1.0
C0928,48,Female,Tashkent,2023-01-07,144.66,17,Silver,5.0
C0929,50,Male,Samarkand,2023-11-01,467.14,4,Gold,1.0
C0930,56,Male,Samarkand,2023-07-01,464.24,4,Gold,5.0
C0931,45,Male,Tashkent,2023-04-19,366.46,14,Silver,5.0
C0932,42,Female,Samarkand,2023-11-20,2291.22,28,Gold,3.0
C0933,49,Female,Bukhara,2023-07-25,200.58,9,Bronze,1.0
C0934,26,Male,Tashkent,2023-08-22,427.9,13,Gold,2.0
C0935,45,Male,Bukhara,2023-07-06,1262.05,28,Silver,
C0936,48,Female,Tashkent,2023-11-25,122.46,28,Gold,1.0
C0937,34,Female,Samarkand,2023-12-23,561.75,16,Bronze,4.0
C0938,40,Female,Samarkand,2023-01-08,318.17,1,Gold,2.0
C0939,30,Male,Nukus,2023-02-22,481.25,3,Silver,2.0
C0940,27,Female,Nukus,2023-07-18,763.1,19,Bronze,4.0
C0941,33,Male,Bukhara,2023-05-17,81.28,8,Bronze,4.0
C0942,23,Female,Samarkand,2023-09-16,916.6,18,Gold,1.0
C0943,28,Male,Nukus,2023-11-30,605.47,6,Bronze,3.0
C0944,20,Female,Samarkand,2023-06-21,239.22,27,Bronze,4.0
C0945,45,Male,Tashkent,2023-03-27,280.55,20,Bronze,2.0
C0946,58,Female,Nukus,2023-02-15,95.1,29,Silver,
C0947,32,Female,Bukhara,2023-12-12,488.05,26,Bronze,1.0
C0948,30,Male,Nukus,2023-07-05,474.7,6,Gold,3.0
C0949,59,Female,Samarkand,2023-06-05,360.39,29,Gold,5.0
C0950,62,Female,Andijan,2023-01-09,301.74,5,Bronze,4.0
C0951,34,Female,Andijan,2023-04-25,1530.07,12,Gold,4.0
C0952,24,Female,Samarkand,2023-06-03,752.45,9,Bronze,1.0
C0953,45,Male,Tashkent,2023-05-10,258.63,9,Gold,3.0
C0954,55,Male,Nukus,2023-11-27,385.73,17,Bronze,2.0
C0955,30,Female,Andijan,2023-03-22,351.81,19,Bronze,2.0
C0956,34,Male,Tashkent,2023-10-17,273.47,17,Bronze,5.0
C0957,32,Male,Samarkand,2023-05-27,591.91,22,Silver,2.0
C0958,53,Male,Tashkent,2023-10-22,687.07,16,Gold,4.0
C0959,45,Male,Samarkand,2023-09-26,392.21,12,Bronze,5.0
C0960,32,Male,Nukus,2023-05-13,119.06,3,Silver,3.0
C0961,63,Female,Tashkent,2023-02-19,912.84,14,Silver,5.0
C0962,28,Male,Nukus,2023-01-23,97.23,17,Bronze,3.0
C0963,48,Female,Tashkent,2023-03-29,360.07,22,Bronze,2.0
C0964,21,Male,Samarkand,2023-04-22,463.25,16,Bronze,1.0
C0965,52,Female,Samarkand,2023-04-21,201.15,21,Bronze,
C0966,51,Female,Tashkent,2023-03-13,167.35,12,Bronze,
C0967,44,Female,Samarkand,2023-06-03,357.83,28,Gold,4.0
C0968,27,Male,Bukhara,2023-02-26,977.91,24,Bronze,4.0
C0969,47,Male,Bukhara,2023-09-14,688.06,2,Bronze,3.0
C0970,62,Female,Nukus,2023-06-05,1400.82,8,Gold,1.0
C0971,37,Female,Bukhara,2023-04-23,574.57,12,Silver,4.0
C0972,46,Male,Bukhara,2023-11-14,1587.0,21,Gold,4.0
C0973,46,Male,Andijan,2023-02-16,1206.13,16,Silver,2.0
C0974,40,Female,Andijan,2023-08-26,519.58,8,Silver,2.0
C0975,38,Male,Andijan,2023-11-30,1008.22,28,Gold,4.0
C0976,60,Male,Andijan,2023-04-16,1705.86,16,Bronze,3.0
C0977,27,Male,Samarkand,2023-07-06,846.47,10,Silver,1.0
C0978,58,Male,Nukus,2023-06-08,225.16,20,Bronze,4.0
C0979,29,Male,Nukus,2023-07-17,294.86,15,Gold,3.0
C0980,47,Male,Bukhara,2023-06-26,1028.6,4,Silver,3.0
C0981,50,Female,Nukus,2023-09-18,164.07,26,Bronze,4.0
C0982,35,Female,Bukhara,2023-10-14,996.85,15,Silver,3.0
C0983,31,Female,Nukus,2023-10-20,787.01,4,Silver,5.0
C0984,39,Female,Tashkent,2023-12-01,329.52,11,Gold,
C0985,38,Female,Tashkent,2023-05-23,1277.66,6,Bronze,4.0
C0986,18,Female,Nukus,2023-11-04,63.94,4,Bronze,
C0987,60,Male,Samarkand,2023-07-16,1156.31,9,Silver,4.0
C0988,32,Male,Bukhara,2023-08-13,1196.56,9,Bronze,2.0
C0989,53,Female,Nukus,2023-02-12,455.69,3,Silver,4.0
C0990,64,Female,Bukhara,2023-05-31,270.76,23,Gold,3.0
C0991,39,Female,Andijan,2023-10-23,107.34,28,Gold,4.0
C0992,49,Male,Nukus,2023-03-04,221.54,5,Bronze,1.0
C0993,63,Male,Samarkand,2023-05-10,167.13,15,Gold,4.0
C0994,50,Male,Andijan,2023-09-12,587.84,28,Gold,4.0
C0995,58,Male,Nukus,2023-12-09,919.66,9,Bronze,1.0
C0996,56,Female,Tashkent,2023-08-02,188.84,2,Silver,1.0
C0997,40,Female,Nukus,2023-03-14,833.16,3,Gold,1.0
C0998,60,Female,Tashkent,2023-04-14,397.97,26,Bronze,5.0
C0999,19,Female,Tashkent,2023-06-07,347.7,21,Bronze,4.0
C1000,19,Male,Nukus,2023-09-29,1085.82,12,Bronze,1.0
C1001,55,Male,Nukus,2023-11-11,1561.12,16,Gold,1.0
C1002,46,Female,Tashkent,2023-08-26,800.53,5,Gold,2.0
C1003,63,Male,Bukhara,2023-10-30,124.18,10,Silver,5.0
C1004,20,Male,Andijan,2023-06-07,587.14,28,Silver,4.0
C1005,56,Male,Samarkand,2023-04-19,266.54,15,Silver,3.0
C1006,24,Male,Nukus,2023-01-09,1787.28,14,Silver,5.0
C1007,53,Female,Andijan,2023-11-17,855.44,14,Silver,5.0
C1008,46,Male,Andijan,2023-02-28,228.31,23,Silver,2.0
C1009,54,Female,Bukhara,2023-12-24,384.08,13,Bronze,4.0
C1010,53,Male,Andijan,2023-07-11,477.91,16,Silver,4.0
C1011,40,Male,Nukus,2023-05-16,171.83,8,Gold,1.0
C1012,62,Female,Andijan,2023-09-08,548.93,8,Silver,1.0
C1013,33,Female,Nukus,2023-05-26,1048.35,17,Gold,5.0
C1014,48,Male,Nukus,2023-12-13,83.78,17,Silver,
C1015,51,Male,Tashkent,2023-12-18,330.56,3,Bronze,4.0
C1016,18,Female,Bukhara,2023-02-27,1277.86,1,Bronze,2.0
C1017,35,Male,Samarkand,2023-06-26,1698.25,17,Gold,3.0
C1018,57,Male,Tashkent,2023-10-15,712.98,26,Silver,4.0
C1019,60,Female,Samarkand,2023-09-02,207.32,24,Bronze,1.0
C1020,32,Male,Nukus,2023-02-17,837.86,16,Bronze,5.0
C1021,34,Male,Tashkent,2023-10-28,936.96,17,Silver,2.0
C1022,61,Male,Andijan,2023-12-22,572.27,25,Gold,1.0
C1023,27,Male,Andijan,2023-04-10,329.34,2,Gold,5.0
C1024,37,Male,Samarkand,2023-08-01,797.43,25,Gold,1.0
C1025,23,Female,Nukus,2023-10-29,432.12,14,Bronze,4.0
C1026,25,Male,Samarkand,,845.37,7,Silver,
C1027,62,Female,Bukhara,2023-05-06,207.62,25,Bronze,3.0
C1028,51,Female,Andijan,2023-10-29,226.15,19,Bronze,1.0
C1029,49,Male,Tashkent,2023-05-01,806.88,1,Bronze,2.0
C1030,59,Female,Tashkent,2023-03-29,207.96,17,Bronze,4.0
C1031,21,Male,Tashkent,2023-08-05,454.01,27,Silver,1.0
C1032,61,Female,Andijan,2023-03-02,410.61,10,Bronze,4.0
C1033,56,Female,Nukus,2023-10-29,179.45,6,Bronze,3.0
C1034,37,Female,Andijan,2023-06-28,268.63,7,Gold,3.0
C1035,41,Male,Andijan,2023-07-09,57.18,25,Bronze,5.0
C1036,41,Female,Tashkent,2023-06-12,550.56,6,Silver,5.0
C1037,43,Female,Andijan,2023-03-22,161.25,5,Bronze,5.0
C1038,42,Female,Tashkent,2023-06-19,251.28,2,Silver,4.0
C1039,53,Male,Nukus,2023-10-28,704.58,18,Silver,5.0
C1040,24,Male,Bukhara,2023-07-15,1300.3,24,Silver,2.0
C1041,27,Female,Tashkent,2023-07-22,375.67,17,Gold,4.0
C1042,64,Female,Samarkand,2023-02-16,219.07,24,Gold,4.0
C1043,29,Female,Bukhara,2023-06-07,337.27,27,Bronze,
C1044,18,Female,Nukus,2023-07-13,153.08,26,Bronze,5.0
C1045,42,Male,Bukhara,2023-10-06,789.75,27,Bronze,4.0
C1046,33,Male,Tashkent,2023-11-13,70.06,23,Silver,3.0
C1047,22,Male,Nukus,2023-09-26,653.01,7,Silver,3.0
C1048,36,Female,Samarkand,2023-07-18,630.62,21,Silver,5.0
C1049,21,Male,Tashkent,2023-08-12,1145.02,19,Bronze,3.0
C1050,23,Female,Tashkent,2023-09-20,441.54,7,Bronze,2.0
C1051,43,Female,Nukus,2023-06-15,143.14,23,Bronze,2.0
C1052,56,Female,Nukus,2023-06-29,647.23,7,Bronze,2.0
C1053,56,Male,Bukhara,2023-07-11,832.67,16,Gold,4.0
C1054,26,Female,Samarkand,2023-08-04,1064.92,12,Gold,4.0
C1055,62,Male,Bukhara,2023-10-11,362.88,15,Gold,4.0
C1056,31,Female,Bukhara,2023-12-18,804.6,15,Bronze,4.0
C1057,26,Male,Tashkent,2023-04-17,622.43,11,Gold,4.0
C1058,32,Female,Nukus,2023-04-08,357.57,2,Gold,5.0
C1059,54,Male,Tashkent,2023-08-18,214.82,3,Bronze,3.0
C1060,37,Female,Samarkand,2023-09-14,304.75,19,Gold,
C1061,25,Male,Bukhara,2023-02-12,373.17,20,Bronze,3.0
C1062,49,Female,Samarkand,2023-08-30,120.71,28,Bronze,5.0
C1063,64,Female,Nukus,2023-02-11,813.4,25,Bronze,2.0
C1064,38,Female,Nukus,2023-04-05,1056.73,26,Silver,1.0
C1065,58,Male,Andijan,2023-09-11,1981.9,15,Bronze,4.0
C1066,36,Female,Samarkand,2023-07-07,212.72,16,Gold,
C1067,46,Female,Tashkent,2023-11-03,608.42,1,Gold,1.0
C1068,48,Female,Samarkand,2023-06-16,933.16,15,Bronze,2.0
C1069,23,Male,Bukhara,2023-09-28,1345.37,12,Silver,1.0
C1070,21,Female,Nukus,2023-05-05,246.34,7,Silver,1.0
C1071,60,Female,Nukus,2023-06-10,833.83,,Silver,2.0
C1072,46,Male,Samarkand,2023-03-28,482.09,11,Gold,3.0
C1073,59,Female,Samarkand,2023-11-05,99.62,20,Silver,5.0
C1074,20,Male,Samarkand,2023-08-14,1026.82,29,Silver,1.0
C1075,18,Female,Bukhara,2023-05-25,726.0,11,Bronze,4.0
C1076,61,Male,Bukhara,2023-12-11,241.76,17,Silver,2.0
C1077,32,Male,Tashkent,2023-09-05,570.91,3,Silver,1.0
C1078,64,Male,Samarkand,2023-12-28,339.72,16,Silver,3.0
C1079,38,Female,Tashkent,2023-01-06,182.98,5,Bronze,3.0
C1080,63,Female,Andijan,2023-01-31,354.74,28,Bronze,4.0
C1081,48,Male,Bukhara,2023-07-16,94.68,2,Silver,1.0
C1082,24,Female,Nukus,2023-08-20,1313.28,23,Gold,4.0
C1083,34,Female,Andijan,2023-10-23,1262.96,26,Gold,3.0
C1084,36,Male,Nukus,2023-11-21,202.91,26,Bronze,3.0
C1085,56,Male,Andijan,2023-05-15,1075.9,7,Silver,5.0
C1086,20,Male,Tashkent,2023-01-13,244.99,28,Gold,
C1087,47,Male,Tashkent,2023-01-04,1047.57,10,Silver,2.0
C1088,52,Female,Bukhara,2023-06-27,1183.52,5,Bronze,5.0
C1089,46,Female,Nukus,2023-08-22,1007.29,15,Gold,4.0
C1090,31,Female,Andijan,2023-09-16,333.23,12,Bronze,3.0
C1091,52,,Samarkand,2023-05-20,1019.14,10,Silver,2.0
C1092,45,Female,Samarkand,2023-03-06,952.39,22,Bronze,5.0
C1093,47,Female,Bukhara,2023-10-10,232.14,17,Bronze,2.0
C1094,43,Male,Nukus,2023-12-29,554.05,20,Bronze,5.0
C1095,24,Female,Samarkand,2023-11-02,996.54,20,Bronze,5.0
C1096,56,Female,Bukhara,2023-07-24,989.6,11,Gold,5.0
C1097,48,Female,Bukhara,2023-01-17,1050.95,8,Silver,4.0
C1098,22,Male,Nukus,2023-07-19,799.76,15,Gold,5.0
C1099,52,Male,Samarkand,2023-02-01,956.04,2,Silver,5.0
C0443,29,Male,Andijan,2023-05-27,743.0,7,Silver,5.0
C0389,58,Female,Nukus,2023-02-11,838.51,12,Silver,
C1002,46,Female,Tashkent,2023-08-26,800.53,5,Gold,2.0
C0221,26,Male,Andijan,2023-01-05,575.84,4,,3.0
C0096,58,,Bukhara,2023-07-13,502.36,13,Bronze,4.0
C1009,54,Female,Bukhara,2023-12-24,384.08,13,Bronze,4.0
C0944,20,Female,Samarkand,2023-06-21,239.22,27,Bronze,4.0
C0770,48,Male,Bukhara,2023-03-20,563.58,6,Bronze,2.0
C0155,38,Male,Nukus,2023-04-17,340.21,12,Bronze,5.0
C0626,,Male,Samarkand,2023-06-09,575.89,23,Bronze,1.0
C0998,60,Female,Tashkent,2023-04-14,397.97,26,Bronze,5.0
C0877,19,Male,Tashkent,2023-03-29,408.27,28,Bronze,3.0
C0433,53,Female,Samarkand,2023-03-08,,10,Gold,2.0
C0244,32,Female,Bukhara,2023-07-14,1088.3,18,Silver,5.0
C1033,56,Female,Nukus,2023-10-29,179.45,,Bronze,3.0
